<Server port="8005" shutdown="SHUTDOWN" debug="0">

  <Service name="Tomcat-Standalone">

    <Connector className="org.apache.catalina.connector.http.HttpConnector"
      port="8080" minProcessors="5" maxProcessors="75"
      enableLookups="true" redirectPort="8443"
      acceptCount="10" debug="0" connectionTimeout="60000"/>

    <Engine name="Standalone" defaultHost="localhost" debug="0">

      <Host name="localhost" debug="0" appBase="webapps" unpackWARs="true">

        <Context path="/examples" docBase="examples" debug="0"
          reloadable="true">
        </Context>

      </Host>

    </Engine>

  </Service>

</Server>
